time_checked, http_status, url
2023-07-02T23:26:37+00:00, 200, https://www.turkosaur.us
2023-07-02T23:26:37+00:00, 200, https://nailivic.herokuapp.com/login
2023-07-03T01:04:30+00:00, 200, https://www.turkosaur.us
2023-07-03T01:04:31+00:00, 200, https://nailivic.herokuapp.com/login
2023-07-03T02:53:21+00:00, 200, https://www.turkosaur.us
2023-07-03T02:53:22+00:00, 200, https://nailivic.herokuapp.com/login
2023-07-03T03:20:57+00:00, 200, https://www.turkosaur.us
2023-07-03T03:20:57+00:00, 200, https://nailivic.herokuapp.com/login
2023-07-03T04:12:33+00:00, 200, https://www.turkosaur.us
2023-07-03T04:12:33+00:00, 200, https://nailivic.herokuapp.com/login
2023-07-03T05:10:36+00:00, 200, https://www.turkosaur.us
2023-07-03T05:10:36+00:00, 200, https://nailivic.herokuapp.com/login
2023-07-03T06:14:27+00:00, 200, https://www.turkosaur.us
2023-07-03T06:14:28+00:00, 200, https://nailivic.herokuapp.com/login
2023-07-03T07:10:02+00:00, 200, https://www.turkosaur.us
2023-07-03T07:10:02+00:00, 200, https://nailivic.herokuapp.com/login
2023-07-03T08:13:41+00:00, 200, https://www.turkosaur.us
2023-07-03T08:13:41+00:00, 200, https://nailivic.herokuapp.com/login
2023-07-03T09:10:52+00:00, 200, https://www.turkosaur.us
2023-07-03T09:10:52+00:00, 200, https://nailivic.herokuapp.com/login
2023-07-03T10:11:31+00:00, 200, https://www.turkosaur.us
2023-07-03T10:11:31+00:00, 200, https://nailivic.herokuapp.com/login
2023-07-03T11:08:34+00:00, 200, https://www.turkosaur.us
2023-07-03T11:08:34+00:00, 200, https://nailivic.herokuapp.com/login
2023-07-03T12:22:16+00:00, 200, https://www.turkosaur.us
2023-07-03T12:22:16+00:00, 200, https://nailivic.herokuapp.com/login
2023-07-03T13:21:08+00:00, 200, https://www.turkosaur.us
2023-07-03T13:21:08+00:00, 200, https://nailivic.herokuapp.com/login
2023-07-03T14:09:25+00:00, 200, https://www.turkosaur.us
2023-07-03T14:09:25+00:00, 200, https://nailivic.herokuapp.com/login
2023-07-03T15:10:46+00:00, 200, https://www.turkosaur.us
2023-07-03T15:10:46+00:00, 200, https://nailivic.herokuapp.com/login
2023-07-03T16:13:05+00:00, 200, https://www.turkosaur.us
2023-07-03T16:13:05+00:00, 200, https://nailivic.herokuapp.com/login
2023-07-03T17:09:23+00:00, 200, https://www.turkosaur.us
2023-07-03T17:09:23+00:00, 200, https://nailivic.herokuapp.com/login
2023-07-03T18:12:56+00:00, 200, https://www.turkosaur.us
2023-07-03T18:12:56+00:00, 200, https://nailivic.herokuapp.com/login
2023-07-03T19:08:37+00:00, 200, https://www.turkosaur.us
2023-07-03T19:08:37+00:00, 200, https://nailivic.herokuapp.com/login
2023-07-03T20:11:38+00:00, 200, https://www.turkosaur.us
2023-07-03T20:11:38+00:00, 200, https://nailivic.herokuapp.com/login
2023-07-03T21:09:18+00:00, 200, https://www.turkosaur.us
2023-07-03T21:09:19+00:00, 200, https://nailivic.herokuapp.com/login
2023-07-03T22:10:29+00:00, 200, https://www.turkosaur.us
2023-07-03T22:10:29+00:00, 200, https://nailivic.herokuapp.com/login
2023-07-03T23:10:50+00:00, 200, https://www.turkosaur.us
2023-07-03T23:10:50+00:00, 200, https://nailivic.herokuapp.com/login
2023-07-04T01:04:58+00:00, 200, https://www.turkosaur.us
2023-07-04T01:04:59+00:00, 200, https://nailivic.herokuapp.com/login
2023-07-04T02:55:04+00:00, 200, https://www.turkosaur.us
2023-07-04T02:55:04+00:00, 200, https://nailivic.herokuapp.com/login
2023-07-04T03:24:13+00:00, 200, https://www.turkosaur.us
2023-07-04T03:24:13+00:00, 200, https://nailivic.herokuapp.com/login
2023-07-04T04:13:17+00:00, 200, https://www.turkosaur.us
2023-07-04T04:13:17+00:00, 200, https://nailivic.herokuapp.com/login
2023-07-04T05:10:26+00:00, 200, https://www.turkosaur.us
2023-07-04T05:10:26+00:00, 200, https://nailivic.herokuapp.com/login
2023-07-04T06:14:51+00:00, 200, https://www.turkosaur.us
2023-07-04T06:14:51+00:00, 200, https://nailivic.herokuapp.com/login
2023-07-04T07:10:14+00:00, 200, https://www.turkosaur.us
2023-07-04T07:10:14+00:00, 200, https://nailivic.herokuapp.com/login
2023-07-04T08:14:05+00:00, 200, https://www.turkosaur.us
2023-07-04T08:14:05+00:00, 200, https://nailivic.herokuapp.com/login
2023-07-04T09:10:58+00:00, 200, https://www.turkosaur.us
2023-07-04T09:10:58+00:00, 200, https://nailivic.herokuapp.com/login
2023-07-04T10:11:54+00:00, 200, https://www.turkosaur.us
2023-07-04T10:11:54+00:00, 200, https://nailivic.herokuapp.com/login
2023-07-04T11:08:57+00:00, 200, https://www.turkosaur.us
2023-07-04T11:08:57+00:00, 200, https://nailivic.herokuapp.com/login
2023-07-04T12:21:24+00:00, 200, https://www.turkosaur.us
2023-07-04T12:21:24+00:00, 200, https://nailivic.herokuapp.com/login
2023-07-04T13:21:05+00:00, 200, https://www.turkosaur.us
2023-07-04T13:21:05+00:00, 200, https://nailivic.herokuapp.com/login
2023-07-04T14:09:49+00:00, 200, https://www.turkosaur.us
2023-07-04T14:09:49+00:00, 200, https://nailivic.herokuapp.com/login
2023-07-04T15:11:02+00:00, 200, https://www.turkosaur.us
2023-07-04T15:11:02+00:00, 200, https://nailivic.herokuapp.com/login
2023-07-04T16:14:02+00:00, 200, https://www.turkosaur.us
2023-07-04T16:14:03+00:00, 200, https://nailivic.herokuapp.com/login
2023-07-04T17:09:57+00:00, 200, https://www.turkosaur.us
2023-07-04T17:09:57+00:00, 200, https://nailivic.herokuapp.com/login
2023-07-04T18:13:41+00:00, 200, https://www.turkosaur.us
2023-07-04T18:13:41+00:00, 200, https://nailivic.herokuapp.com/login
2023-07-04T19:08:40+00:00, 200, https://www.turkosaur.us
2023-07-04T19:08:41+00:00, 200, https://nailivic.herokuapp.com/login
2023-07-04T20:11:23+00:00, 200, https://www.turkosaur.us
2023-07-04T20:11:23+00:00, 200, https://nailivic.herokuapp.com/login
2023-07-04T21:09:53+00:00, 200, https://www.turkosaur.us
2023-07-04T21:09:53+00:00, 200, https://nailivic.herokuapp.com/login
2023-07-04T22:10:25+00:00, 200, https://www.turkosaur.us
2023-07-04T22:10:25+00:00, 200, https://nailivic.herokuapp.com/login
2023-07-04T23:10:28+00:00, 200, https://www.turkosaur.us
2023-07-04T23:10:28+00:00, 200, https://nailivic.herokuapp.com/login
2023-07-05T01:04:53+00:00, 200, https://www.turkosaur.us
2023-07-05T01:04:54+00:00, 200, https://nailivic.herokuapp.com/login
2023-07-05T02:54:25+00:00, 200, https://www.turkosaur.us
2023-07-05T02:54:26+00:00, 200, https://nailivic.herokuapp.com/login
2023-07-05T03:23:50+00:00, 200, https://www.turkosaur.us
2023-07-05T03:23:50+00:00, 200, https://nailivic.herokuapp.com/login
2023-07-05T04:13:27+00:00, 200, https://www.turkosaur.us
2023-07-05T04:13:27+00:00, 200, https://nailivic.herokuapp.com/login
2023-07-05T05:10:54+00:00, 200, https://www.turkosaur.us
2023-07-05T05:10:54+00:00, 200, https://nailivic.herokuapp.com/login
2023-07-05T06:15:16+00:00, 200, https://www.turkosaur.us
2023-07-05T06:15:16+00:00, 200, https://nailivic.herokuapp.com/login
2023-07-05T07:10:47+00:00, 200, https://www.turkosaur.us
2023-07-05T07:10:48+00:00, 200, https://nailivic.herokuapp.com/login
2023-07-05T08:14:25+00:00, 200, https://www.turkosaur.us
2023-07-05T08:14:26+00:00, 200, https://nailivic.herokuapp.com/login
2023-07-05T09:11:15+00:00, 200, https://www.turkosaur.us
2023-07-05T09:11:15+00:00, 200, https://nailivic.herokuapp.com/login
2023-07-05T10:12:11+00:00, 200, https://www.turkosaur.us
2023-07-05T10:12:11+00:00, 200, https://nailivic.herokuapp.com/login
2023-07-05T11:09:18+00:00, 200, https://www.turkosaur.us
2023-07-05T11:09:19+00:00, 200, https://nailivic.herokuapp.com/login
2023-07-05T12:24:11+00:00, 200, https://www.turkosaur.us
2023-07-05T12:24:11+00:00, 200, https://nailivic.herokuapp.com/login
2023-07-05T13:23:12+00:00, 200, https://www.turkosaur.us
2023-07-05T13:23:12+00:00, 200, https://nailivic.herokuapp.com/login
2023-07-05T14:10:46+00:00, 200, https://www.turkosaur.us
2023-07-05T14:10:46+00:00, 200, https://nailivic.herokuapp.com/login
2023-07-05T15:11:29+00:00, 200, https://www.turkosaur.us
2023-07-05T15:11:29+00:00, 200, https://nailivic.herokuapp.com/login
2023-07-05T16:14:27+00:00, 200, https://www.turkosaur.us
2023-07-05T16:14:27+00:00, 200, https://nailivic.herokuapp.com/login
2023-07-05T17:09:56+00:00, 200, https://www.turkosaur.us
2023-07-05T17:09:56+00:00, 200, https://nailivic.herokuapp.com/login
2023-07-05T18:13:43+00:00, 200, https://www.turkosaur.us
2023-07-05T18:13:44+00:00, 200, https://nailivic.herokuapp.com/login
2023-07-05T19:09:11+00:00, 200, https://www.turkosaur.us
2023-07-05T19:09:12+00:00, 200, https://nailivic.herokuapp.com/login
2023-07-05T20:11:52+00:00, 200, https://www.turkosaur.us
2023-07-05T20:11:53+00:00, 200, https://nailivic.herokuapp.com/login
